product_category,avg_discount_rate
Accessories,12.238735177865612
Tops,11.655645161290321
Outerwear,11.158217391304348
Bottoms,10.492973977695168
